CustomerID,Gender,Locations,Age,ProductID,Product_name,Product_Description,Product_Category,Stock,Price,TransactionID,Transaction_Date,Total_Price,Quantity,VoucherID,Voucher_name,Voucher_status,Discount,PMID,Method_name
12350,Male,California,43,GGOEAAAJ032415,ANRABESS Women's Summer 2 Piece Outfits,ANRABESS Women's Summer 2 Piece Outfits Sleeveless Tank Crop Button Back Top Capri Wide Leg Pants Linen Set with Pockets,Apparel,100000,36.99,1004689,17.03.21,33.291,1,ELEC10,Discount 10%,Used,10,PM02,Paypal
12359,Male,New York,34,GGOEAAAJ032425,Dokotoo Tops for Women Trendy Summer Casual,Dokotoo Tops for Women Trendy Summer Casual Cap Short Sleeve Basic Textured Solid Color Round Neck T Shirts Blouse,Apparel,100000,19.98,1008838,30.01.21,17.982,1,ELEC10,Discount 10%,Used,10,PM01,Card
12373,Female,New York,25,GGOEAAAJ032435,rendy Queen Womens Oversized Sweatshirts Turtleneck,rendy Queen Womens Oversized Sweatshirts Turtleneck Pullover Long Sleeve Hoodies Tops Fall Outfits 2023 Clothes,Apparel,100000,38.99,1004098,29.01.21,38.99,1,ELEC30,Discount 30%,Clicked,30,PM04,Other
12383,Male,New York,35,GGOEAAAJ032445,Men's Crewneck Sweatshirts Soild Color,Men's Crewneck Sweatshirts Soild Color Geometric Texture Long Sleeve Casual Pullover Shirt,Apparel,100000,24.99,1008599,08.05.21,44.982,2,ELEC10,Discount 10%,Used,10,PM02,Paypal
12393,Female,Chicago,38,GGOEAAAJ032455,yageyan Men Canvas Low top Shoes,yageyan Men Canvas Low top Shoes Classic Casual Sneakers Black and White Fashion Shoes,Apparel,100000,24.99,1009828,18.03.21,1124.55,45,OFF20,Discount 20%,Clicked,20,PM01,Card
12410,Male,California,41,GGOEWEBB082199,OLANLY Luxury Bathroom Rug Mat 24x16,"OLANLY Luxury Bathroom Rug Mat 24x16, Extra Soft and Absorbent Microfiber Bath Rugs, Non-Slip Plush Shaggy Bath Carpet, Machine Wash Dry, Bath Mats for Bathroom Floor, Tub and Shower, Grey",Home Furniture,100000,9.89,1004612,13.05.21,17.802,3,ELEC40,Discount 40%,Used,40,PM04,Other
12414,Male,New York,46,GGOEWEBB082199,OLANLY Luxury Bathroom Rug Mat 24x16,"OLANLY Luxury Bathroom Rug Mat 24x16, Extra Soft and Absorbent Microfiber Bath Rugs, Non-Slip Plush Shaggy Bath Carpet, Machine Wash Dry, Bath Mats for Bathroom Floor, Tub and Shower, Grey",Home Furniture,100000,9.89,1004683,21.12.21,5.934,1,ELEC40,Discount 40%,Used,40,PM03,Digital Wallets
12431,Female,New Jersey,39,GGOEWEBB082199,OLANLY Luxury Bathroom Rug Mat 24x16,"OLANLY Luxury Bathroom Rug Mat 24x16, Extra Soft and Absorbent Microfiber Bath Rugs, Non-Slip Plush Shaggy Bath Carpet, Machine Wash Dry, Bath Mats for Bathroom Floor, Tub and Shower, Grey",Home Furniture,100000,9.89,1000038,24.04.21,5.934,1,ELEC40,Discount 40%,Used,40,PM03,Digital Wallets
12433,Male,California,41,GGOEWEBB082199,OLANLY Luxury Bathroom Rug Mat 24x16,"OLANLY Luxury Bathroom Rug Mat 24x16, Extra Soft and Absorbent Microfiber Bath Rugs, Non-Slip Plush Shaggy Bath Carpet, Machine Wash Dry, Bath Mats for Bathroom Floor, Tub and Shower, Grey",Home Furniture,100000,9.89,1003943,23.07.21,47.472,8,ELEC40,Discount 40%,Used,40,PM03,Digital Wallets
12437,Female,New Jersey,47,GGOEWEBB082199,OLANLY Luxury Bathroom Rug Mat 24x16,"OLANLY Luxury Bathroom Rug Mat 24x16, Extra Soft and Absorbent Microfiber Bath Rugs, Non-Slip Plush Shaggy Bath Carpet, Machine Wash Dry, Bath Mats for Bathroom Floor, Tub and Shower, Grey",Home Furniture,100000,9.89,1004678,15.06.21,5.934,1,ELEC40,Discount 40%,Used,40,PM02,Paypal
12464,Male,New York,22,GGOEWEBB082199,OLANLY Luxury Bathroom Rug Mat 24x16,"OLANLY Luxury Bathroom Rug Mat 24x16, Extra Soft and Absorbent Microfiber Bath Rugs, Non-Slip Plush Shaggy Bath Carpet, Machine Wash Dry, Bath Mats for Bathroom Floor, Tub and Shower, Grey",Home Furniture,100000,9.89,1007704,21.03.21,5.934,1,ELEC40,Discount 40%,Used,40,PM03,Digital Wallets
12471,Female,California,31,GGOEAAAJ032415,ANRABESS Women's Summer 2 Piece Outfits,ANRABESS Women's Summer 2 Piece Outfits Sleeveless Tank Crop Button Back Top Capri Wide Leg Pants Linen Set with Pockets,Apparel,100000,36.99,1001689,15.07.21,33.291,1,ELEC10,Discount 10%,Used,10,PM01,Card
12472,Female,New Jersey,33,GGOEAAAJ032415,ANRABESS Women's Summer 2 Piece Outfits,ANRABESS Women's Summer 2 Piece Outfits Sleeveless Tank Crop Button Back Top Capri Wide Leg Pants Linen Set with Pockets,Apparel,100000,36.99,1003781,25.01.21,33.291,1,ELEC10,Discount 10%,Used,10,PM01,Card
12474,Female,New York,29,GGOEAAAJ032415,ANRABESS Women's Summer 2 Piece Outfits,ANRABESS Women's Summer 2 Piece Outfits Sleeveless Tank Crop Button Back Top Capri Wide Leg Pants Linen Set with Pockets,Apparel,100000,36.99,1009730,14.05.21,33.291,1,ELEC10,Discount 10%,Used,10,PM02,Paypal
12477,Female,California,59,GGOEAAAJ032415,ANRABESS Women's Summer 2 Piece Outfits,ANRABESS Women's Summer 2 Piece Outfits Sleeveless Tank Crop Button Back Top Capri Wide Leg Pants Linen Set with Pockets,Apparel,100000,36.99,1004404,19.12.21,66.582,2,ELEC10,Discount 10%,Used,10,PM02,Paypal
12480,Male,California,54,GGOEAAAJ032415,ANRABESS Women's Summer 2 Piece Outfits,ANRABESS Women's Summer 2 Piece Outfits Sleeveless Tank Crop Button Back Top Capri Wide Leg Pants Linen Set with Pockets,Apparel,100000,36.99,1009664,27.09.21,33.291,1,ELEC10,Discount 10%,Used,10,PM01,Card
12481,Female,California,57,GGOEAAAJ032415,ANRABESS Women's Summer 2 Piece Outfits,ANRABESS Women's Summer 2 Piece Outfits Sleeveless Tank Crop Button Back Top Capri Wide Leg Pants Linen Set with Pockets,Apparel,100000,36.99,1008437,25.09.21,33.291,1,ELEC10,Discount 10%,Used,10,PM01,Card
12484,Male,California,48,GGOEAAAJ032415,ANRABESS Women's Summer 2 Piece Outfits,ANRABESS Women's Summer 2 Piece Outfits Sleeveless Tank Crop Button Back Top Capri Wide Leg Pants Linen Set with Pockets,Apparel,100000,36.99,1009858,10.01.21,33.291,1,ELEC10,Discount 10%,Used,10,PM02,Paypal
12489,Male,California,21,GGOEAAAJ032415,ANRABESS Women's Summer 2 Piece Outfits,ANRABESS Women's Summer 2 Piece Outfits Sleeveless Tank Crop Button Back Top Capri Wide Leg Pants Linen Set with Pockets,Apparel,100000,36.99,1009444,28.11.21,99.873,3,ELEC10,Discount 10%,Used,10,PM01,Card
12490,Female,New York,54,GGOEAAAJ032415,ANRABESS Women's Summer 2 Piece Outfits,ANRABESS Women's Summer 2 Piece Outfits Sleeveless Tank Crop Button Back Top Capri Wide Leg Pants Linen Set with Pockets,Apparel,100000,36.99,1009738,24.05.21,33.291,1,ELEC10,Discount 10%,Used,10,PM02,Paypal
12501,Male,Chicago,58,GGOEAAAJ032415,ANRABESS Women's Summer 2 Piece Outfits,ANRABESS Women's Summer 2 Piece Outfits Sleeveless Tank Crop Button Back Top Capri Wide Leg Pants Linen Set with Pockets,Apparel,100000,36.99,1008465,10.07.21,33.291,1,ELEC10,Discount 10%,Used,10,PM02,Paypal
12502,Female,California,39,GGOEAAAJ032425,Dokotoo Tops for Women Trendy Summer Casual,Dokotoo Tops for Women Trendy Summer Casual Cap Short Sleeve Basic Textured Solid Color Round Neck T Shirts Blouse,Apparel,100000,19.98,1005021,08.08.21,35.964,2,ELEC10,Discount 10%,Used,10,PM01,Card
12503,Female,California,41,GGOEAAAJ032425,Dokotoo Tops for Women Trendy Summer Casual,Dokotoo Tops for Women Trendy Summer Casual Cap Short Sleeve Basic Textured Solid Color Round Neck T Shirts Blouse,Apparel,100000,19.98,1005022,12.07.21,17.982,1,ELEC10,Discount 10%,Used,10,PM03,Digital Wallets
12504,Female,California,19,GGOEAAAJ032425,Dokotoo Tops for Women Trendy Summer Casual,Dokotoo Tops for Women Trendy Summer Casual Cap Short Sleeve Basic Textured Solid Color Round Neck T Shirts Blouse,Apparel,100000,19.98,1005023,04.07.21,17.982,1,ELEC10,Discount 10%,Used,10,PM03,Digital Wallets
12505,Female,California,37,GGOEAAAJ032425,Dokotoo Tops for Women Trendy Summer Casual,Dokotoo Tops for Women Trendy Summer Casual Cap Short Sleeve Basic Textured Solid Color Round Neck T Shirts Blouse,Apparel,100000,19.98,1005024,03.08.21,35.964,2,ELEC10,Discount 10%,Used,10,PM03,Digital Wallets
12506,Female,California,55,GGOEAAAJ032425,Dokotoo Tops for Women Trendy Summer Casual,Dokotoo Tops for Women Trendy Summer Casual Cap Short Sleeve Basic Textured Solid Color Round Neck T Shirts Blouse,Apparel,100000,19.98,1005025,17.01.21,17.982,1,ELEC10,Discount 10%,Used,10,PM01,Card
12507,Female,California,35,GGOEAAAJ032425,Dokotoo Tops for Women Trendy Summer Casual,Dokotoo Tops for Women Trendy Summer Casual Cap Short Sleeve Basic Textured Solid Color Round Neck T Shirts Blouse,Apparel,100000,19.98,1005026,30.01.21,89.91,5,ELEC10,Discount 10%,Used,10,PM01,Card
12508,Female,California,52,GGOEAAAJ032425,Dokotoo Tops for Women Trendy Summer Casual,Dokotoo Tops for Women Trendy Summer Casual Cap Short Sleeve Basic Textured Solid Color Round Neck T Shirts Blouse,Apparel,100000,19.98,1005027,05.11.21,17.982,1,ELEC10,Discount 10%,Used,10,PM03,Digital Wallets
12509,Female,California,21,GGOEAAAJ032425,Dokotoo Tops for Women Trendy Summer Casual,Dokotoo Tops for Women Trendy Summer Casual Cap Short Sleeve Basic Textured Solid Color Round Neck T Shirts Blouse,Apparel,100000,19.98,1005028,28.05.21,17.982,1,ELEC10,Discount 10%,Used,10,PM01,Card
12510,Female,California,49,GGOEAAAJ032435,rendy Queen Womens Oversized Sweatshirts Turtleneck,rendy Queen Womens Oversized Sweatshirts Turtleneck Pullover Long Sleeve Hoodies Tops Fall Outfits 2023 Clothes,Apparel,100000,38.99,1005029,12.09.21,38.99,1,ELEC30,Discount 30%,Clicked,30,PM04,Other
12511,Female,California,50,GGOEAAAJ032435,rendy Queen Womens Oversized Sweatshirts Turtleneck,rendy Queen Womens Oversized Sweatshirts Turtleneck Pullover Long Sleeve Hoodies Tops Fall Outfits 2023 Clothes,Apparel,100000,38.99,1005030,18.08.21,38.99,1,ELEC30,Discount 30%,Not Used,30,PM03,Digital Wallets
12512,Female,California,17,GGOEAAAJ032435,rendy Queen Womens Oversized Sweatshirts Turtleneck,rendy Queen Womens Oversized Sweatshirts Turtleneck Pullover Long Sleeve Hoodies Tops Fall Outfits 2023 Clothes,Apparel,100000,38.99,1005031,28.05.21,155.96,4,ELEC30,Discount 30%,Not Used,30,PM03,Digital Wallets
12513,Female,California,62,GGOEAAAJ032435,rendy Queen Womens Oversized Sweatshirts Turtleneck,rendy Queen Womens Oversized Sweatshirts Turtleneck Pullover Long Sleeve Hoodies Tops Fall Outfits 2023 Clothes,Apparel,100000,38.99,1005032,15.09.21,38.99,1,ELEC30,Discount 30%,Not Used,30,PM01,Card
12514,Female,California,26,GGOEAAAJ032435,rendy Queen Womens Oversized Sweatshirts Turtleneck,rendy Queen Womens Oversized Sweatshirts Turtleneck Pullover Long Sleeve Hoodies Tops Fall Outfits 2023 Clothes,Apparel,100000,38.99,1005033,23.06.21,38.99,1,ELEC30,Discount 30%,Clicked,30,PM04,Other
12515,Female,California,52,GGOEAAAJ032435,rendy Queen Womens Oversized Sweatshirts Turtleneck,rendy Queen Womens Oversized Sweatshirts Turtleneck Pullover Long Sleeve Hoodies Tops Fall Outfits 2023 Clothes,Apparel,100000,38.99,1005034,28.01.21,233.94,6,ELEC30,Discount 30%,Clicked,30,PM03,Digital Wallets
12516,Female,California,42,GGOEAAAJ032435,rendy Queen Womens Oversized Sweatshirts Turtleneck,rendy Queen Womens Oversized Sweatshirts Turtleneck Pullover Long Sleeve Hoodies Tops Fall Outfits 2023 Clothes,Apparel,100000,38.99,1005035,18.06.21,38.99,1,ELEC30,Discount 30%,Not Used,30,PM04,Other
12517,Female,California,21,GGOEAAAJ032435,rendy Queen Womens Oversized Sweatshirts Turtleneck,rendy Queen Womens Oversized Sweatshirts Turtleneck Pullover Long Sleeve Hoodies Tops Fall Outfits 2023 Clothes,Apparel,100000,38.99,1005036,09.09.21,38.99,1,ELEC30,Discount 30%,Not Used,30,PM01,Card
12518,Female,California,25,GGOEAAAJ032435,rendy Queen Womens Oversized Sweatshirts Turtleneck,rendy Queen Womens Oversized Sweatshirts Turtleneck Pullover Long Sleeve Hoodies Tops Fall Outfits 2023 Clothes,Apparel,100000,38.99,1005801,30.11.21,389.9,10,ELEC30,Discount 30%,Clicked,30,PM03,Digital Wallets
12519,Female,California,57,GGOEAAAJ032435,rendy Queen Womens Oversized Sweatshirts Turtleneck,rendy Queen Womens Oversized Sweatshirts Turtleneck Pullover Long Sleeve Hoodies Tops Fall Outfits 2023 Clothes,Apparel,100000,38.99,1005802,28.06.21,38.99,1,ELEC30,Discount 30%,Clicked,30,PM04,Other
12520,Female,California,35,GGOEAAAJ032435,rendy Queen Womens Oversized Sweatshirts Turtleneck,rendy Queen Womens Oversized Sweatshirts Turtleneck Pullover Long Sleeve Hoodies Tops Fall Outfits 2023 Clothes,Apparel,100000,38.99,1005803,13.10.21,38.99,1,ELEC30,Discount 30%,Not Used,30,PM04,Other
12521,Female,California,60,GGOEAAAJ032435,rendy Queen Womens Oversized Sweatshirts Turtleneck,rendy Queen Womens Oversized Sweatshirts Turtleneck Pullover Long Sleeve Hoodies Tops Fall Outfits 2023 Clothes,Apparel,100000,38.99,1005804,09.03.21,38.99,1,ELEC30,Discount 30%,Not Used,30,PM03,Digital Wallets
12522,Female,California,20,GGOEAAAJ032445,Men's Crewneck Sweatshirts Soild Color,Men's Crewneck Sweatshirts Soild Color Geometric Texture Long Sleeve Casual Pullover Shirt,Apparel,100000,24.99,1006944,06.05.21,134.946,6,ELEC10,Discount 10%,Used,10,PM02,Paypal
12523,Female,California,51,GGOEAAAJ032445,Men's Crewneck Sweatshirts Soild Color,Men's Crewneck Sweatshirts Soild Color Geometric Texture Long Sleeve Casual Pullover Shirt,Apparel,100000,24.99,1006945,24.02.21,44.982,2,ELEC10,Discount 10%,Used,10,PM02,Paypal
12524,Female,California,35,GGOEAAAJ032445,Men's Crewneck Sweatshirts Soild Color,Men's Crewneck Sweatshirts Soild Color Geometric Texture Long Sleeve Casual Pullover Shirt,Apparel,100000,24.99,1006946,01.04.21,22.491,1,ELEC10,Discount 10%,Used,10,PM03,Digital Wallets
12525,Female,California,47,GGOEAAAJ032445,Men's Crewneck Sweatshirts Soild Color,Men's Crewneck Sweatshirts Soild Color Geometric Texture Long Sleeve Casual Pullover Shirt,Apparel,100000,24.99,1007586,14.03.21,22.491,1,ELEC10,Discount 10%,Used,10,PM02,Paypal
12526,Female,California,25,GGOEAAAJ032445,Men's Crewneck Sweatshirts Soild Color,Men's Crewneck Sweatshirts Soild Color Geometric Texture Long Sleeve Casual Pullover Shirt,Apparel,100000,24.99,1008177,05.03.21,22.491,1,ELEC10,Discount 10%,Used,10,PM01,Card
12527,Female,California,47,GGOEWEBB082299,Clorox Toilet Plunger with Hideaway Storage Caddy,"Clorox Toilet Plunger with Hideaway Storage Caddy, 6.5'' x 6.5'' x 19.5'', White/Gray",Home Furniture,100000,15.99,1008178,20.03.21,175.89,11,ELEC10,Discount 10%,Not Used,10,PM03,Digital Wallets
12528,Female,California,50,GGOEWEBB082299,Clorox Toilet Plunger with Hideaway Storage Caddy,"Clorox Toilet Plunger with Hideaway Storage Caddy, 6.5'' x 6.5'' x 19.5'', White/Gray",Home Furniture,100000,15.99,1008179,17.10.21,15.99,1,ELEC10,Discount 10%,Clicked,10,PM01,Card
12529,Female,California,37,GGOEWEBB082299,Clorox Toilet Plunger with Hideaway Storage Caddy,"Clorox Toilet Plunger with Hideaway Storage Caddy, 6.5'' x 6.5'' x 19.5'', White/Gray",Home Furniture,100000,15.99,1008180,10.11.21,15.99,1,ELEC10,Discount 10%,Clicked,10,PM01,Card
12530,Female,California,63,GGOEWEBB082299,Clorox Toilet Plunger with Hideaway Storage Caddy,"Clorox Toilet Plunger with Hideaway Storage Caddy, 6.5'' x 6.5'' x 19.5'', White/Gray",Home Furniture,100000,15.99,1008181,21.06.21,15.99,1,ELEC10,Discount 10%,Not Used,10,PM03,Digital Wallets
12531,Female,California,41,GGOEWEBB082299,Clorox Toilet Plunger with Hideaway Storage Caddy,"Clorox Toilet Plunger with Hideaway Storage Caddy, 6.5'' x 6.5'' x 19.5'', White/Gray",Home Furniture,100000,15.99,1008182,10.12.21,47.97,3,ELEC10,Discount 10%,Not Used,10,PM03,Digital Wallets
12532,Female,California,19,GGOEWEBB082299,Clorox Toilet Plunger with Hideaway Storage Caddy,"Clorox Toilet Plunger with Hideaway Storage Caddy, 6.5'' x 6.5'' x 19.5'', White/Gray",Home Furniture,100000,15.99,1008183,11.11.21,15.99,1,ELEC10,Discount 10%,Clicked,10,PM01,Card
14606,Female,Chicago,22,GGOEYDHJ056049,64HYDRO 32oz 1Liter Motivational Water Bottle with Time Marker,"64HYDRO 32oz 1Liter Motivational Water Bottle with Time Marker, Ocean Turtle Beach Summer Vibe Lose My Mind Find My Soul - TTZ2001009Z",Bottles,100000,19.95,1000219,16.06.21,19.95,1,ELEC10,Discount 10%,Not Used,10,PM01,Card
14607,Female,Chicago,29,GGOEYDHJ056049,64HYDRO 32oz 1Liter Motivational Water Bottle with Time Marker,"64HYDRO 32oz 1Liter Motivational Water Bottle with Time Marker, Ocean Turtle Beach Summer Vibe Lose My Mind Find My Soul - TTZ2001009Z",Bottles,100000,19.95,1000220,21.09.21,59.85,3,ELEC10,Discount 10%,Not Used,10,PM01,Card
14608,Female,Chicago,32,GGOEYDHJ056049,64HYDRO 32oz 1Liter Motivational Water Bottle with Time Marker,"64HYDRO 32oz 1Liter Motivational Water Bottle with Time Marker, Ocean Turtle Beach Summer Vibe Lose My Mind Find My Soul - TTZ2001009Z",Bottles,100000,19.95,1000221,23.10.21,19.95,1,ELEC10,Discount 10%,Clicked,10,PM02,Paypal
14609,Female,Chicago,41,GGOEYDHJ056059,Ocean Bottle 17 oz,Ocean Bottle - Recycled Stainless Steel Drinks Reusable Water Bottle - Eco-Friendly & Reusable - Sky Blue - 17 oz,Bottles,100000,55,1000222,11.04.21,55,1,ELEC10,Discount 10%,Not Used,10,PM04,Other
14610,Male,New York,50,GGOEYDHJ056059,Ocean Bottle 17 oz,Ocean Bottle - Recycled Stainless Steel Drinks Reusable Water Bottle - Eco-Friendly & Reusable - Sky Blue - 17 oz,Bottles,100000,55,1000223,17.08.21,55,1,ELEC10,Discount 10%,Clicked,10,PM04,Other
14611,Male,New York,56,GGOEYDHJ056059,Ocean Bottle 17 oz,Ocean Bottle - Recycled Stainless Steel Drinks Reusable Water Bottle - Eco-Friendly & Reusable - Sky Blue - 17 oz,Bottles,100000,55,1000224,07.08.21,385,7,ELEC10,Discount 10%,Not Used,10,PM01,Card
14612,Male,New York,30,GGOEYDHJ056059,Ocean Bottle 17 oz,Ocean Bottle - Recycled Stainless Steel Drinks Reusable Water Bottle - Eco-Friendly & Reusable - Sky Blue - 17 oz,Bottles,100000,55,1000225,19.11.21,55,1,ELEC10,Discount 10%,Clicked,10,PM01,Card
14614,Male,California,30,GGOEAAAJ032455,yageyan Men Canvas Low top Shoes,yageyan Men Canvas Low top Shoes Classic Casual Sneakers Black and White Fashion Shoes,Apparel,100000,24.99,1000227,30.09.21,124.95,5,OFF20,Discount 20%,Clicked,20,PM02,Paypal
14714,Male,Chicago,28,GGOEAFKQ020599,Teal Office Supplies,"Teal Office Supplies, Teal Office Supplies and Accessories, Mint Green Stapler and Tape Dispenser Set for Women, Green Office Desk Accessories, Office Gift for Women, Office Lady, Coworkers",Office,100000,16.99,1000327,11.04.21,16.1405,1,ELEC05,Discount 5%,Used,5,PM02,Paypal
14715,Male,Chicago,50,GGOEAFKQ020499,Amazon Basics Stapler with 1000 Staples,"Amazon Basics Stapler with 1000 Staples, Office Stapler, 25 Sheet",Office,100000,8.54,1000328,28.09.21,102.48,12,BT10,Discount 10%,Not Used,10,PM03,Digital Wallets
14716,Male,Chicago,54,GGOEAFKQ020399,Mr. Pen File Folders 18 Pack,"Mr. Pen File Folders, 18 Pack, Morandi Colors, 1/3-Cut Tab, Letter Size, Durable Paper Folders, Office Supplies",Office,100000,11.99,1000329,14.02.21,11.99,1,ELEC10,Discount 10%,Clicked,10,PM03,Digital Wallets
14717,Male,Chicago,46,GGOEAFKQ020299,Gel Pens 12 Pcs Smooth Writing Pens No Bleed & Smear,"Gel Pens, 12 Pcs Smooth Writing Pens No Bleed & Smear, Black Ink Cute Pens Fine Point (0.5mm), Retractable Aesthetic Journaling Pens School Office Supplies for Women & Men",Office,100000,6.49,1000330,07.04.21,6.49,1,ELEC30,Discount 30%,Not Used,30,PM03,Digital Wallets
14718,Male,Chicago,16,GGOEAFKQ020199,Mr. Pen- Sticky Notes 12 Pads,"Mr. Pen- Sticky Notes, 12 Pads, 3x3, Vintage Colors, Sticky Notes 3x3, Sticky Note, Sticky Pads, Sticky Notes Bulk, Stick Notes, Colored Sticky Notes, Sticky Note Pad, Colorful Sticky Notes",Office,100000,8.99,1000331,09.09.21,8.99,1,ELEC30,Discount 30%,Not Used,30,PM04,Other
14719,Male,Chicago,49,GGOEAFKQ020199,Mr. Pen- Sticky Notes 12 Pads,"Mr. Pen- Sticky Notes, 12 Pads, 3x3, Vintage Colors, Sticky Notes 3x3, Sticky Note, Sticky Pads, Sticky Notes Bulk, Stick Notes, Colored Sticky Notes, Sticky Note Pad, Colorful Sticky Notes",Office,100000,8.99,1000332,10.11.21,17.98,2,ELEC30,Discount 30%,Clicked,30,PM02,Paypal
14720,Male,Chicago,52,GGOEAFKQ020199,Mr. Pen- Sticky Notes 12 Pads,"Mr. Pen- Sticky Notes, 12 Pads, 3x3, Vintage Colors, Sticky Notes 3x3, Sticky Note, Sticky Pads, Sticky Notes Bulk, Stick Notes, Colored Sticky Notes, Sticky Note Pad, Colorful Sticky Notes",Office,100000,8.99,1000333,13.06.21,8.99,1,ELEC30,Discount 30%,Clicked,30,PM01,Card
14721,Male,Chicago,47,GGOEAFKQ020199,Mr. Pen- Sticky Notes 12 Pads,"Mr. Pen- Sticky Notes, 12 Pads, 3x3, Vintage Colors, Sticky Notes 3x3, Sticky Note, Sticky Pads, Sticky Notes Bulk, Stick Notes, Colored Sticky Notes, Sticky Note Pad, Colorful Sticky Notes",Office,100000,8.99,1000334,12.06.21,8.99,1,ELEC30,Discount 30%,Not Used,30,PM03,Digital Wallets
14722,Male,Chicago,28,GGOEAFKQ020199,Mr. Pen- Sticky Notes 12 Pads,"Mr. Pen- Sticky Notes, 12 Pads, 3x3, Vintage Colors, Sticky Notes 3x3, Sticky Note, Sticky Pads, Sticky Notes Bulk, Stick Notes, Colored Sticky Notes, Sticky Note Pad, Colorful Sticky Notes",Office,100000,8.99,1000335,12.02.21,8.99,1,ELEC30,Discount 30%,Not Used,30,PM04,Other
14723,Male,Chicago,28,GGOEAFKQ020199,Mr. Pen- Sticky Notes 12 Pads,"Mr. Pen- Sticky Notes, 12 Pads, 3x3, Vintage Colors, Sticky Notes 3x3, Sticky Note, Sticky Pads, Sticky Notes Bulk, Stick Notes, Colored Sticky Notes, Sticky Note Pad, Colorful Sticky Notes",Office,100000,8.99,1000336,28.01.21,8.99,1,ELEC30,Discount 30%,Clicked,30,PM04,Other
14724,Male,Chicago,37,GGOEAFKQ020199,Mr. Pen- Sticky Notes 12 Pads,"Mr. Pen- Sticky Notes, 12 Pads, 3x3, Vintage Colors, Sticky Notes 3x3, Sticky Note, Sticky Pads, Sticky Notes Bulk, Stick Notes, Colored Sticky Notes, Sticky Note Pad, Colorful Sticky Notes",Office,100000,8.99,1000337,24.10.21,35.96,4,ELEC30,Discount 30%,Clicked,30,PM01,Card
14725,Male,Chicago,27,GGOEAFKQ020199,Mr. Pen- Sticky Notes 12 Pads,"Mr. Pen- Sticky Notes, 12 Pads, 3x3, Vintage Colors, Sticky Notes 3x3, Sticky Note, Sticky Pads, Sticky Notes Bulk, Stick Notes, Colored Sticky Notes, Sticky Note Pad, Colorful Sticky Notes",Office,100000,8.99,1000338,05.10.21,8.99,1,ELEC30,Discount 30%,Not Used,30,PM03,Digital Wallets
14726,Female,Chicago,62,GGOEAFKQ020299,Gel Pens 12 Pcs Smooth Writing Pens No Bleed & Smear,"Gel Pens, 12 Pcs Smooth Writing Pens No Bleed & Smear, Black Ink Cute Pens Fine Point (0.5mm), Retractable Aesthetic Journaling Pens School Office Supplies for Women & Men",Office,100000,6.49,1000339,26.06.21,6.49,1,ELEC30,Discount 30%,Not Used,30,PM04,Other
14727,Female,Chicago,18,GGOEAFKQ020299,Gel Pens 12 Pcs Smooth Writing Pens No Bleed & Smear,"Gel Pens, 12 Pcs Smooth Writing Pens No Bleed & Smear, Black Ink Cute Pens Fine Point (0.5mm), Retractable Aesthetic Journaling Pens School Office Supplies for Women & Men",Office,100000,6.49,1000340,21.05.21,6.49,1,ELEC30,Discount 30%,Clicked,30,PM03,Digital Wallets
14728,Female,Chicago,35,GGOEAFKQ020299,Gel Pens 12 Pcs Smooth Writing Pens No Bleed & Smear,"Gel Pens, 12 Pcs Smooth Writing Pens No Bleed & Smear, Black Ink Cute Pens Fine Point (0.5mm), Retractable Aesthetic Journaling Pens School Office Supplies for Women & Men",Office,100000,6.49,1000341,17.10.21,6.49,1,ELEC30,Discount 30%,Clicked,30,PM03,Digital Wallets
14729,Female,Chicago,36,GGOEAFKQ020299,Gel Pens 12 Pcs Smooth Writing Pens No Bleed & Smear,"Gel Pens, 12 Pcs Smooth Writing Pens No Bleed & Smear, Black Ink Cute Pens Fine Point (0.5mm), Retractable Aesthetic Journaling Pens School Office Supplies for Women & Men",Office,100000,6.49,1000342,28.09.21,12.98,2,ELEC30,Discount 30%,Not Used,30,PM01,Card
14730,Female,Chicago,50,GGOEAFKQ020299,Gel Pens 12 Pcs Smooth Writing Pens No Bleed & Smear,"Gel Pens, 12 Pcs Smooth Writing Pens No Bleed & Smear, Black Ink Cute Pens Fine Point (0.5mm), Retractable Aesthetic Journaling Pens School Office Supplies for Women & Men",Office,100000,6.49,1000343,29.07.21,12.98,2,ELEC30,Discount 30%,Not Used,30,PM02,Paypal
14731,Female,Chicago,18,GGOEAFKQ020299,Gel Pens 12 Pcs Smooth Writing Pens No Bleed & Smear,"Gel Pens, 12 Pcs Smooth Writing Pens No Bleed & Smear, Black Ink Cute Pens Fine Point (0.5mm), Retractable Aesthetic Journaling Pens School Office Supplies for Women & Men",Office,100000,6.49,1000344,18.06.21,6.49,1,ELEC30,Discount 30%,Clicked,30,PM03,Digital Wallets
14732,Female,Chicago,17,GGOEAFKQ020299,Gel Pens 12 Pcs Smooth Writing Pens No Bleed & Smear,"Gel Pens, 12 Pcs Smooth Writing Pens No Bleed & Smear, Black Ink Cute Pens Fine Point (0.5mm), Retractable Aesthetic Journaling Pens School Office Supplies for Women & Men",Office,100000,6.49,1000345,04.11.21,6.49,1,ELEC30,Discount 30%,Not Used,30,PM01,Card
15601,Female,Chicago,49,GGOEAFKQ020299,Gel Pens 12 Pcs Smooth Writing Pens No Bleed & Smear,"Gel Pens, 12 Pcs Smooth Writing Pens No Bleed & Smear, Black Ink Cute Pens Fine Point (0.5mm), Retractable Aesthetic Journaling Pens School Office Supplies for Women & Men",Office,100000,6.49,1000354,04.08.21,32.45,5,ELEC30,Discount 30%,Clicked,30,PM01,Card
15602,Female,Chicago,19,GGOEAFKQ020299,Gel Pens 12 Pcs Smooth Writing Pens No Bleed & Smear,"Gel Pens, 12 Pcs Smooth Writing Pens No Bleed & Smear, Black Ink Cute Pens Fine Point (0.5mm), Retractable Aesthetic Journaling Pens School Office Supplies for Women & Men",Office,100000,6.49,1000355,07.04.21,6.49,1,ELEC30,Discount 30%,Clicked,30,PM03,Digital Wallets
15603,Female,Chicago,44,GGOEAFKQ020299,Gel Pens 12 Pcs Smooth Writing Pens No Bleed & Smear,"Gel Pens, 12 Pcs Smooth Writing Pens No Bleed & Smear, Black Ink Cute Pens Fine Point (0.5mm), Retractable Aesthetic Journaling Pens School Office Supplies for Women & Men",Office,100000,6.49,1000356,24.09.21,6.49,1,ELEC30,Discount 30%,Not Used,30,PM02,Paypal
15604,Female,Chicago,48,GGOEAFKQ020299,Gel Pens 12 Pcs Smooth Writing Pens No Bleed & Smear,"Gel Pens, 12 Pcs Smooth Writing Pens No Bleed & Smear, Black Ink Cute Pens Fine Point (0.5mm), Retractable Aesthetic Journaling Pens School Office Supplies for Women & Men",Office,100000,6.49,1000357,30.09.21,6.49,1,ELEC30,Discount 30%,Not Used,30,PM04,Other
15605,Female,Chicago,31,GGOEAFKQ020299,Gel Pens 12 Pcs Smooth Writing Pens No Bleed & Smear,"Gel Pens, 12 Pcs Smooth Writing Pens No Bleed & Smear, Black Ink Cute Pens Fine Point (0.5mm), Retractable Aesthetic Journaling Pens School Office Supplies for Women & Men",Office,100000,6.49,1000358,25.04.21,25.96,4,ELEC30,Discount 30%,Not Used,30,PM02,Paypal
15606,Female,Chicago,49,GGOEAFKQ020299,Gel Pens 12 Pcs Smooth Writing Pens No Bleed & Smear,"Gel Pens, 12 Pcs Smooth Writing Pens No Bleed & Smear, Black Ink Cute Pens Fine Point (0.5mm), Retractable Aesthetic Journaling Pens School Office Supplies for Women & Men",Office,100000,6.49,1000359,16.01.21,6.49,1,ELEC30,Discount 30%,Clicked,30,PM01,Card
15607,Female,New York,37,GGOEAFKQ020299,Gel Pens 12 Pcs Smooth Writing Pens No Bleed & Smear,"Gel Pens, 12 Pcs Smooth Writing Pens No Bleed & Smear, Black Ink Cute Pens Fine Point (0.5mm), Retractable Aesthetic Journaling Pens School Office Supplies for Women & Men",Office,100000,6.49,1000360,03.07.21,51.92,8,ELEC30,Discount 30%,Clicked,30,PM01,Card
15608,Female,New York,26,GGOEAFKQ020299,Gel Pens 12 Pcs Smooth Writing Pens No Bleed & Smear,"Gel Pens, 12 Pcs Smooth Writing Pens No Bleed & Smear, Black Ink Cute Pens Fine Point (0.5mm), Retractable Aesthetic Journaling Pens School Office Supplies for Women & Men",Office,100000,6.49,1000361,20.12.21,6.49,1,ELEC30,Discount 30%,Clicked,30,PM01,Card
15609,Female,New York,50,GGOEAFKQ020299,Gel Pens 12 Pcs Smooth Writing Pens No Bleed & Smear,"Gel Pens, 12 Pcs Smooth Writing Pens No Bleed & Smear, Black Ink Cute Pens Fine Point (0.5mm), Retractable Aesthetic Journaling Pens School Office Supplies for Women & Men",Office,100000,6.49,1000362,13.06.21,6.49,1,ELEC30,Discount 30%,Not Used,30,PM04,Other
15610,Female,New York,59,GGOEAFKQ020399,Mr. Pen File Folders 18 Pack,"Mr. Pen File Folders, 18 Pack, Morandi Colors, 1/3-Cut Tab, Letter Size, Durable Paper Folders, Office Supplies",Office,100000,11.99,1000363,18.06.21,11.99,1,ELEC10,Discount 10%,Clicked,10,PM03,Digital Wallets
15611,Female,New York,53,GGOEAFKQ020399,Mr. Pen File Folders 18 Pack,"Mr. Pen File Folders, 18 Pack, Morandi Colors, 1/3-Cut Tab, Letter Size, Durable Paper Folders, Office Supplies",Office,100000,11.99,1000364,21.04.21,23.98,2,ELEC10,Discount 10%,Not Used,10,PM03,Digital Wallets
15612,Female,New York,36,GGOEAFKQ020399,Mr. Pen File Folders 18 Pack,"Mr. Pen File Folders, 18 Pack, Morandi Colors, 1/3-Cut Tab, Letter Size, Durable Paper Folders, Office Supplies",Office,100000,11.99,1000365,07.10.21,11.99,1,ELEC10,Discount 10%,Clicked,10,PM04,Other
15613,Female,New York,51,GGOEAFKQ020399,Mr. Pen File Folders 18 Pack,"Mr. Pen File Folders, 18 Pack, Morandi Colors, 1/3-Cut Tab, Letter Size, Durable Paper Folders, Office Supplies",Office,100000,11.99,1000366,13.08.21,11.99,1,ELEC10,Discount 10%,Not Used,10,PM02,Paypal
15614,Female,New York,20,GGOEAFKQ020399,Mr. Pen File Folders 18 Pack,"Mr. Pen File Folders, 18 Pack, Morandi Colors, 1/3-Cut Tab, Letter Size, Durable Paper Folders, Office Supplies",Office,100000,11.99,1000367,19.04.21,11.99,1,ELEC10,Discount 10%,Not Used,10,PM04,Other
15615,Male,New York,37,GGOEAFKQ020399,Mr. Pen File Folders 18 Pack,"Mr. Pen File Folders, 18 Pack, Morandi Colors, 1/3-Cut Tab, Letter Size, Durable Paper Folders, Office Supplies",Office,100000,11.99,1000368,17.03.21,11.99,1,ELEC10,Discount 10%,Clicked,10,PM01,Card
15616,Male,Chicago,37,GGOEAFKQ020399,Mr. Pen File Folders 18 Pack,"Mr. Pen File Folders, 18 Pack, Morandi Colors, 1/3-Cut Tab, Letter Size, Durable Paper Folders, Office Supplies",Office,100000,11.99,1000369,24.08.21,47.96,4,ELEC10,Discount 10%,Clicked,10,PM03,Digital Wallets
15617,Male,Chicago,25,GGOEAFKQ020399,Mr. Pen File Folders 18 Pack,"Mr. Pen File Folders, 18 Pack, Morandi Colors, 1/3-Cut Tab, Letter Size, Durable Paper Folders, Office Supplies",Office,100000,11.99,1000370,03.03.21,11.99,1,ELEC10,Discount 10%,Clicked,10,PM02,Paypal
15618,Male,Chicago,26,GGOEAFKQ020399,Mr. Pen File Folders 18 Pack,"Mr. Pen File Folders, 18 Pack, Morandi Colors, 1/3-Cut Tab, Letter Size, Durable Paper Folders, Office Supplies",Office,100000,11.99,1000371,08.02.21,11.99,1,ELEC10,Discount 10%,Clicked,10,PM01,Card
15619,Male,Chicago,50,GGOEAFKQ020499,Amazon Basics Stapler with 1000 Staples,"Amazon Basics Stapler with 1000 Staples, Office Stapler, 25 Sheet",Office,100000,8.54,1000372,07.10.21,8.54,1,BT10,Discount 10%,Not Used,10,PM04,Other
15620,Male,Chicago,63,GGOEAFKQ020499,Amazon Basics Stapler with 1000 Staples,"Amazon Basics Stapler with 1000 Staples, Office Stapler, 25 Sheet",Office,100000,8.54,1000373,21.08.21,51.24,6,BT10,Discount 10%,Not Used,10,PM04,Other
15621,Female,California,47,GGOEAFKQ020499,Amazon Basics Stapler with 1000 Staples,"Amazon Basics Stapler with 1000 Staples, Office Stapler, 25 Sheet",Office,100000,8.54,1000374,01.09.21,8.54,1,BT10,Discount 10%,Not Used,10,PM02,Paypal
15622,Female,California,29,GGOEAFKQ020499,Amazon Basics Stapler with 1000 Staples,"Amazon Basics Stapler with 1000 Staples, Office Stapler, 25 Sheet",Office,100000,8.54,1000375,23.04.21,8.54,1,BT10,Discount 10%,Not Used,10,PM02,Paypal
15623,Female,California,52,GGOEAFKQ020499,Amazon Basics Stapler with 1000 Staples,"Amazon Basics Stapler with 1000 Staples, Office Stapler, 25 Sheet",Office,100000,8.54,1000376,12.05.21,8.54,1,BT10,Discount 10%,Not Used,10,PM01,Card
15624,Female,Chicago,20,GGOEAFKQ020499,Amazon Basics Stapler with 1000 Staples,"Amazon Basics Stapler with 1000 Staples, Office Stapler, 25 Sheet",Office,100000,8.54,1000377,29.07.21,25.62,3,BT10,Discount 10%,Not Used,10,PM01,Card
15625,Female,Chicago,38,GGOEAFKQ020499,Amazon Basics Stapler with 1000 Staples,"Amazon Basics Stapler with 1000 Staples, Office Stapler, 25 Sheet",Office,100000,8.54,1000378,13.01.21,34.16,4,BT10,Discount 10%,Not Used,10,PM02,Paypal
15626,Female,Chicago,16,GGOEAFKQ020499,Amazon Basics Stapler with 1000 Staples,"Amazon Basics Stapler with 1000 Staples, Office Stapler, 25 Sheet",Office,100000,8.54,1000379,30.11.21,8.54,1,BT10,Discount 10%,Not Used,10,PM01,Card
15627,Female,Chicago,42,GGOEAFKQ020599,Teal Office Supplies,"Teal Office Supplies, Teal Office Supplies and Accessories, Mint Green Stapler and Tape Dispenser Set for Women, Green Office Desk Accessories, Office Gift for Women, Office Lady, Coworkers",Office,100000,16.99,1000380,02.06.21,32.281,2,ELEC05,Discount 5%,Used,5,PM01,Card
15628,Female,Chicago,24,GGOEAFKQ020599,Teal Office Supplies,"Teal Office Supplies, Teal Office Supplies and Accessories, Mint Green Stapler and Tape Dispenser Set for Women, Green Office Desk Accessories, Office Gift for Women, Office Lady, Coworkers",Office,100000,16.99,1000381,07.09.21,32.281,2,ELEC05,Discount 5%,Used,5,PM01,Card
15629,Female,Chicago,26,GGOEAFKQ020599,Teal Office Supplies,"Teal Office Supplies, Teal Office Supplies and Accessories, Mint Green Stapler and Tape Dispenser Set for Women, Green Office Desk Accessories, Office Gift for Women, Office Lady, Coworkers",Office,100000,16.99,1000382,05.01.21,129.124,8,ELEC05,Discount 5%,Used,5,PM01,Card
15630,Female,Chicago,35,GGOEAFKQ020599,Teal Office Supplies,"Teal Office Supplies, Teal Office Supplies and Accessories, Mint Green Stapler and Tape Dispenser Set for Women, Green Office Desk Accessories, Office Gift for Women, Office Lady, Coworkers",Office,100000,16.99,1000383,06.04.21,16.1405,1,ELEC05,Discount 5%,Used,5,PM03,Digital Wallets
15631,Female,Chicago,46,GGOEAFKQ020599,Teal Office Supplies,"Teal Office Supplies, Teal Office Supplies and Accessories, Mint Green Stapler and Tape Dispenser Set for Women, Green Office Desk Accessories, Office Gift for Women, Office Lady, Coworkers",Office,100000,16.99,1000384,13.10.21,16.1405,1,ELEC05,Discount 5%,Used,5,PM04,Other
15632,Female,Chicago,50,GGOEWEBB082199,OLANLY Luxury Bathroom Rug Mat 24x16,"OLANLY Luxury Bathroom Rug Mat 24x16, Extra Soft and Absorbent Microfiber Bath Rugs, Non-Slip Plush Shaggy Bath Carpet, Machine Wash Dry, Bath Mats for Bathroom Floor, Tub and Shower, Grey",Home Furniture,100000,9.89,1000385,16.11.21,5.934,1,ELEC40,Discount 40%,Used,40,PM04,Other
15633,Female,Chicago,28,GGOEWEBB082199,OLANLY Luxury Bathroom Rug Mat 24x16,"OLANLY Luxury Bathroom Rug Mat 24x16, Extra Soft and Absorbent Microfiber Bath Rugs, Non-Slip Plush Shaggy Bath Carpet, Machine Wash Dry, Bath Mats for Bathroom Floor, Tub and Shower, Grey",Home Furniture,100000,9.89,1000386,17.07.21,11.868,2,ELEC40,Discount 40%,Used,40,PM04,Other
15634,Female,Chicago,40,GGOEWEBB082199,OLANLY Luxury Bathroom Rug Mat 24x16,"OLANLY Luxury Bathroom Rug Mat 24x16, Extra Soft and Absorbent Microfiber Bath Rugs, Non-Slip Plush Shaggy Bath Carpet, Machine Wash Dry, Bath Mats for Bathroom Floor, Tub and Shower, Grey",Home Furniture,100000,9.89,1000387,27.02.21,5.934,1,ELEC40,Discount 40%,Used,40,PM02,Paypal
15635,Male,Chicago,48,GGOEWEBB082199,OLANLY Luxury Bathroom Rug Mat 24x16,"OLANLY Luxury Bathroom Rug Mat 24x16, Extra Soft and Absorbent Microfiber Bath Rugs, Non-Slip Plush Shaggy Bath Carpet, Machine Wash Dry, Bath Mats for Bathroom Floor, Tub and Shower, Grey",Home Furniture,100000,9.89,1000388,07.06.21,5.934,1,ELEC40,Discount 40%,Used,40,PM03,Digital Wallets
15636,Male,Chicago,53,GGOEWEBB082199,OLANLY Luxury Bathroom Rug Mat 24x16,"OLANLY Luxury Bathroom Rug Mat 24x16, Extra Soft and Absorbent Microfiber Bath Rugs, Non-Slip Plush Shaggy Bath Carpet, Machine Wash Dry, Bath Mats for Bathroom Floor, Tub and Shower, Grey",Home Furniture,100000,9.89,1000389,29.01.21,11.868,2,ELEC40,Discount 40%,Used,40,PM02,Paypal
15637,Female,California,25,GGOEWEBB082199,OLANLY Luxury Bathroom Rug Mat 24x16,"OLANLY Luxury Bathroom Rug Mat 24x16, Extra Soft and Absorbent Microfiber Bath Rugs, Non-Slip Plush Shaggy Bath Carpet, Machine Wash Dry, Bath Mats for Bathroom Floor, Tub and Shower, Grey",Home Furniture,100000,9.89,1000390,07.08.21,17.802,3,ELEC40,Discount 40%,Used,40,PM03,Digital Wallets
15638,Female,Chicago,58,GGOEWEBB082199,OLANLY Luxury Bathroom Rug Mat 24x16,"OLANLY Luxury Bathroom Rug Mat 24x16, Extra Soft and Absorbent Microfiber Bath Rugs, Non-Slip Plush Shaggy Bath Carpet, Machine Wash Dry, Bath Mats for Bathroom Floor, Tub and Shower, Grey",Home Furniture,100000,9.89,1000391,07.12.21,5.934,1,ELEC40,Discount 40%,Used,40,PM01,Card
15639,Female,Chicago,47,GGOEWEBB082199,OLANLY Luxury Bathroom Rug Mat 24x16,"OLANLY Luxury Bathroom Rug Mat 24x16, Extra Soft and Absorbent Microfiber Bath Rugs, Non-Slip Plush Shaggy Bath Carpet, Machine Wash Dry, Bath Mats for Bathroom Floor, Tub and Shower, Grey",Home Furniture,100000,9.89,1000392,31.05.21,5.934,1,ELEC40,Discount 40%,Used,40,PM01,Card
15640,Female,Chicago,39,GGOEWEBB082199,OLANLY Luxury Bathroom Rug Mat 24x16,"OLANLY Luxury Bathroom Rug Mat 24x16, Extra Soft and Absorbent Microfiber Bath Rugs, Non-Slip Plush Shaggy Bath Carpet, Machine Wash Dry, Bath Mats for Bathroom Floor, Tub and Shower, Grey",Home Furniture,100000,9.89,1000393,15.01.21,29.67,5,ELEC40,Discount 40%,Used,40,PM01,Card
15641,Female,Chicago,40,GGOEYDHJ056029,64 oz Water Bottle,"64 oz Water Bottle, 1/2 Gallon Water Bottle, Water Bottle Holder with Shoulder Strap, Time Motivational Water Bottle - Great for Camping, Gym and Outdoor Activities, Gift",Bottles,100000,24.69,1000394,17.02.21,34.566,2,ELEC30,Discount 30%,Used,30,PM01,Card
15642,Female,Chicago,20,GGOEYDHJ056039,Kids Water Bottle with Straw Lid 14oz,"Kids Water Bottle with Straw Lid 14oz, Vacuum Insulated 316 Stainless Steel Water Bottles for Kids for School, Leakproof Toddler Water Bottle, BPA Free and Keep Cold for 24 Hours",Bottles,100000,9.99,1000395,29.08.21,9.99,1,ELEC10,Discount 10%,Clicked,10,PM01,Card
16218,Male,Chicago,57,GGOEWEBB082299,Clorox Toilet Plunger with Hideaway Storage Caddy,"Clorox Toilet Plunger with Hideaway Storage Caddy, 6.5 x 6.5 x 19.5, White/Gray",Home Furniture,100000,15.99,1000129,21.03.21,31.98,2,ELEC10,Discount 10%,Clicked,10,PM04,Other
16219,Male,Chicago,52,GGOEWEBB082399,KOHLER 4636-RL-0 Cachet ReadyLatch Elongated Toilet Seat,"KOHLER 4636-RL-0 Cachet ReadyLatch Elongated Toilet Seat, Quiet-Close Lid and Seat, Countoured Seat, Grip-Tight Bumpers and Installation Hardware, White",Home Furniture,100000,39.6,1000130,01.04.21,39.6,1,ELEC10,Discount 10%,Not Used,10,PM01,Card
16220,Male,Chicago,55,GGOEWEBB082399,KOHLER 4636-RL-0 Cachet ReadyLatch Elongated Toilet Seat,"KOHLER 4636-RL-0 Cachet ReadyLatch Elongated Toilet Seat, Quiet-Close Lid and Seat, Countoured Seat, Grip-Tight Bumpers and Installation Hardware, White",Home Furniture,100000,39.6,1000131,19.03.21,39.6,1,ELEC10,Discount 10%,Clicked,10,PM04,Other
16221,Male,Chicago,47,GGOEWEBB082399,KOHLER 4636-RL-0 Cachet ReadyLatch Elongated Toilet Seat,"KOHLER 4636-RL-0 Cachet ReadyLatch Elongated Toilet Seat, Quiet-Close Lid and Seat, Countoured Seat, Grip-Tight Bumpers and Installation Hardware, White",Home Furniture,100000,39.6,1000132,20.10.21,39.6,1,ELEC10,Discount 10%,Clicked,10,PM03,Digital Wallets
16222,Male,Chicago,36,GGOEWEBB082399,KOHLER 4636-RL-0 Cachet ReadyLatch Elongated Toilet Seat,"KOHLER 4636-RL-0 Cachet ReadyLatch Elongated Toilet Seat, Quiet-Close Lid and Seat, Countoured Seat, Grip-Tight Bumpers and Installation Hardware, White",Home Furniture,100000,39.6,1000133,11.09.21,39.6,1,ELEC10,Discount 10%,Not Used,10,PM01,Card
16223,Male,Chicago,62,GGOEWEBB082399,KOHLER 4636-RL-0 Cachet ReadyLatch Elongated Toilet Seat,"KOHLER 4636-RL-0 Cachet ReadyLatch Elongated Toilet Seat, Quiet-Close Lid and Seat, Countoured Seat, Grip-Tight Bumpers and Installation Hardware, White",Home Furniture,100000,39.6,1000134,01.06.21,39.6,1,ELEC10,Discount 10%,Clicked,10,PM01,Card
16224,Male,Chicago,50,GGOEWEBB082399,KOHLER 4636-RL-0 Cachet ReadyLatch Elongated Toilet Seat,"KOHLER 4636-RL-0 Cachet ReadyLatch Elongated Toilet Seat, Quiet-Close Lid and Seat, Countoured Seat, Grip-Tight Bumpers and Installation Hardware, White",Home Furniture,100000,39.6,1000135,03.01.21,39.6,1,ELEC10,Discount 10%,Not Used,10,PM03,Digital Wallets
16225,Male,Chicago,56,GGOEWEBB082399,KOHLER 4636-RL-0 Cachet ReadyLatch Elongated Toilet Seat,"KOHLER 4636-RL-0 Cachet ReadyLatch Elongated Toilet Seat, Quiet-Close Lid and Seat, Countoured Seat, Grip-Tight Bumpers and Installation Hardware, White",Home Furniture,100000,39.6,1000136,12.03.21,39.6,1,ELEC10,Discount 10%,Clicked,10,PM01,Card
16226,Male,Chicago,20,GGOEWEBB082399,KOHLER 4636-RL-0 Cachet ReadyLatch Elongated Toilet Seat,"KOHLER 4636-RL-0 Cachet ReadyLatch Elongated Toilet Seat, Quiet-Close Lid and Seat, Countoured Seat, Grip-Tight Bumpers and Installation Hardware, White",Home Furniture,100000,39.6,1000137,22.04.21,237.6,6,ELEC10,Discount 10%,Clicked,10,PM04,Other
16227,Male,Chicago,58,GGOEWEBB082399,KOHLER 4636-RL-0 Cachet ReadyLatch Elongated Toilet Seat,"KOHLER 4636-RL-0 Cachet ReadyLatch Elongated Toilet Seat, Quiet-Close Lid and Seat, Countoured Seat, Grip-Tight Bumpers and Installation Hardware, White",Home Furniture,100000,39.6,1000138,12.12.21,277.2,7,ELEC10,Discount 10%,Not Used,10,PM04,Other
16228,Male,Chicago,46,GGOEWEBB082399,KOHLER 4636-RL-0 Cachet ReadyLatch Elongated Toilet Seat,"KOHLER 4636-RL-0 Cachet ReadyLatch Elongated Toilet Seat, Quiet-Close Lid and Seat, Countoured Seat, Grip-Tight Bumpers and Installation Hardware, White",Home Furniture,100000,39.6,1000139,23.07.21,39.6,1,ELEC10,Discount 10%,Clicked,10,PM02,Paypal
16229,Female,California,37,GGOEWEBB082399,KOHLER 4636-RL-0 Cachet ReadyLatch Elongated Toilet Seat,"KOHLER 4636-RL-0 Cachet ReadyLatch Elongated Toilet Seat, Quiet-Close Lid and Seat, Countoured Seat, Grip-Tight Bumpers and Installation Hardware, White",Home Furniture,100000,39.6,1000140,17.06.21,39.6,1,ELEC10,Discount 10%,Clicked,10,PM03,Digital Wallets
16230,Female,California,46,GGOEWEBB082499,Rubbermaid Commercial 15 Inch Toilet Brush,"Rubbermaid Commercial 15 Inch Toilet Brush, Toilet Bowl-Cleaner for Bathroom, Scrub Brush for Toilet",Home Furniture,100000,3.69,1000141,25.03.21,3.69,1,ELEC10,Discount 10%,Clicked,10,PM02,Paypal
16231,Female,California,62,GGOEWEBB082499,Rubbermaid Commercial 15 Inch Toilet Brush,"Rubbermaid Commercial 15 Inch Toilet Brush, Toilet Bowl-Cleaner for Bathroom, Scrub Brush for Toilet",Home Furniture,100000,3.69,1000142,20.02.21,11.07,3,ELEC10,Discount 10%,Clicked,10,PM03,Digital Wallets
16232,Female,California,63,GGOEAAAJ032445,Men's Crewneck Sweatshirts Soild Color,Men's Crewneck Sweatshirts Soild Color Geometric Texture Long Sleeve Casual Pullover Shirt,Apparel,100000,24.99,1000143,07.03.21,44.982,2,ELEC10,Discount 10%,Used,10,PM03,Digital Wallets
16233,Female,California,63,GGOEWEBB082499,Rubbermaid Commercial 15 Inch Toilet Brush,"Rubbermaid Commercial 15 Inch Toilet Brush, Toilet Bowl-Cleaner for Bathroom, Scrub Brush for Toilet",Home Furniture,100000,3.69,1000144,26.02.21,3.69,1,ELEC10,Discount 10%,Not Used,10,PM04,Other
16234,Female,California,59,GGOEWEBB082499,Rubbermaid Commercial 15 Inch Toilet Brush,"Rubbermaid Commercial 15 Inch Toilet Brush, Toilet Bowl-Cleaner for Bathroom, Scrub Brush for Toilet",Home Furniture,100000,3.69,1000145,14.12.21,7.38,2,ELEC10,Discount 10%,Clicked,10,PM03,Digital Wallets
16235,Female,California,23,GGOEWEBB082499,Rubbermaid Commercial 15 Inch Toilet Brush,"Rubbermaid Commercial 15 Inch Toilet Brush, Toilet Bowl-Cleaner for Bathroom, Scrub Brush for Toilet",Home Furniture,100000,3.69,1000146,22.01.21,3.69,1,ELEC10,Discount 10%,Not Used,10,PM02,Paypal
16236,Female,California,44,GGOEWEBB082599,Moen YB8099CH Mason Toilet Paper Roller,"Moen YB8099CH Mason Toilet Paper Roller, Chrome",Home Furniture,100000,1.59,1000147,14.02.21,1.59,1,ELEC10,Discount 10%,Clicked,10,PM02,Paypal
16237,Female,California,31,GGOEWEBB082599,Moen YB8099CH Mason Toilet Paper Roller,"Moen YB8099CH Mason Toilet Paper Roller, Chrome",Home Furniture,100000,1.59,1000148,11.05.21,3.18,2,ELEC10,Discount 10%,Not Used,10,PM02,Paypal
16238,Female,California,53,GGOEWEBB082599,Moen YB8099CH Mason Toilet Paper Roller,"Moen YB8099CH Mason Toilet Paper Roller, Chrome",Home Furniture,100000,1.59,1000149,22.06.21,1.59,1,ELEC10,Discount 10%,Clicked,10,PM01,Card
16239,Female,California,35,GGOEWEBB082599,Moen YB8099CH Mason Toilet Paper Roller,"Moen YB8099CH Mason Toilet Paper Roller, Chrome",Home Furniture,100000,1.59,1000150,23.07.21,7.95,5,ELEC10,Discount 10%,Not Used,10,PM02,Paypal
16240,Female,California,47,GGOEWEBB082599,Moen YB8099CH Mason Toilet Paper Roller,"Moen YB8099CH Mason Toilet Paper Roller, Chrome",Home Furniture,100000,1.59,1000151,04.06.21,1.59,1,ELEC10,Discount 10%,Not Used,10,PM03,Digital Wallets
16241,Female,California,34,GGOEWEBB082599,Moen YB8099CH Mason Toilet Paper Roller,"Moen YB8099CH Mason Toilet Paper Roller, Chrome",Home Furniture,100000,1.59,1000152,25.09.21,1.59,1,ELEC10,Discount 10%,Not Used,10,PM02,Paypal
16242,Female,California,52,GGOEWEBB082599,Moen YB8099CH Mason Toilet Paper Roller,"Moen YB8099CH Mason Toilet Paper Roller, Chrome",Home Furniture,100000,1.59,1000153,13.03.21,12.72,8,ELEC10,Discount 10%,Not Used,10,PM01,Card
16243,Female,California,26,GGOEYDHJ056019,bubba Flo Duo Refresh Insulated Water Bottle 24 oz (TEAL),"bubba Flo Duo Refresh Insulated Water Bottle, 24 oz, TEAL (TEAL)",Bottles,100000,19.99,1000154,06.03.21,19.99,1,ELEC10,Discount 10%,Clicked,10,PM03,Digital Wallets
16244,Female,California,17,GGOEYDHJ056019,bubba Flo Duo Refresh Insulated Water Bottle 24 oz (TEAL),"bubba Flo Duo Refresh Insulated Water Bottle, 24 oz, TEAL (TEAL)",Bottles,100000,19.99,1000155,29.07.21,139.93,7,ELEC10,Discount 10%,Clicked,10,PM04,Other
16245,Female,California,37,GGOEYDHJ056019,bubba Flo Duo Refresh Insulated Water Bottle 24 oz (TEAL),"bubba Flo Duo Refresh Insulated Water Bottle, 24 oz, TEAL (TEAL)",Bottles,100000,19.99,1000156,12.01.21,19.99,1,ELEC10,Discount 10%,Not Used,10,PM02,Paypal
16246,Female,California,52,GGOEYDHJ056019,bubba Flo Duo Refresh Insulated Water Bottle 24 oz (TEAL),"bubba Flo Duo Refresh Insulated Water Bottle, 24 oz, TEAL (TEAL)",Bottles,100000,19.99,1000157,17.06.21,199.9,10,ELEC10,Discount 10%,Not Used,10,PM02,Paypal
16247,Female,California,54,GGOEYDHJ056019,bubba Flo Duo Refresh Insulated Water Bottle 24 oz (TEAL),"bubba Flo Duo Refresh Insulated Water Bottle, 24 oz, TEAL (TEAL)",Bottles,100000,19.99,1000158,07.09.21,19.99,1,ELEC10,Discount 10%,Not Used,10,PM02,Paypal
16248,Female,California,34,GGOEYDHJ056019,bubba Flo Duo Refresh Insulated Water Bottle 24 oz (TEAL),"bubba Flo Duo Refresh Insulated Water Bottle, 24 oz, TEAL (TEAL)",Bottles,100000,19.99,1000159,08.04.21,19.99,1,ELEC10,Discount 10%,Clicked,10,PM03,Digital Wallets
16249,Female,California,38,GGOEYDHJ056019,bubba Flo Duo Refresh Insulated Water Bottle 24 oz (TEAL),"bubba Flo Duo Refresh Insulated Water Bottle, 24 oz, TEAL (TEAL)",Bottles,100000,19.99,1000160,13.01.21,59.97,3,ELEC10,Discount 10%,Not Used,10,PM02,Paypal
16250,Female,California,39,GGOEYDHJ056019,bubba Flo Duo Refresh Insulated Water Bottle 24 oz (TEAL),"bubba Flo Duo Refresh Insulated Water Bottle, 24 oz, TEAL (TEAL)",Bottles,100000,19.99,1000161,11.01.21,19.99,1,ELEC10,Discount 10%,Clicked,10,PM03,Digital Wallets
16251,Female,California,60,GGOEYDHJ056019,bubba Flo Duo Refresh Insulated Water Bottle 24 oz (TEAL),"bubba Flo Duo Refresh Insulated Water Bottle, 24 oz, TEAL (TEAL)",Bottles,100000,19.99,1000162,20.09.21,19.99,1,ELEC10,Discount 10%,Not Used,10,PM02,Paypal
16252,Female,California,52,GGOEYDHJ056019,bubba Flo Duo Refresh Insulated Water Bottle 24 oz (TEAL),"bubba Flo Duo Refresh Insulated Water Bottle, 24 oz, TEAL (TEAL)",Bottles,100000,19.99,1000163,26.02.21,39.98,2,ELEC10,Discount 10%,Clicked,10,PM02,Paypal
16253,Female,California,31,GGOEYDHJ056019,bubba Flo Duo Refresh Insulated Water Bottle 24 oz (TEAL),"bubba Flo Duo Refresh Insulated Water Bottle, 24 oz, TEAL (TEAL)",Bottles,100000,19.99,1000164,06.02.21,19.99,1,ELEC10,Discount 10%,Clicked,10,PM04,Other
16254,Female,California,59,GGOEYDHJ056019,bubba Flo Duo Refresh Insulated Water Bottle 24 oz (TEAL),"bubba Flo Duo Refresh Insulated Water Bottle, 24 oz, TEAL (TEAL)",Bottles,100000,19.99,1000165,07.08.21,19.99,1,ELEC10,Discount 10%,Not Used,10,PM04,Other
16255,Female,California,60,GGOEYDHJ056029,64 oz Water Bottle,"64 oz Water Bottle, 1/2 Gallon Water Bottle, Water Bottle Holder with Shoulder Strap, Time Motivational Water Bottle - Great for Camping, Gym and Outdoor Activities, Gift",Bottles,100000,24.69,1000166,04.10.21,69.132,4,ELEC30,Discount 30%,Used,30,PM02,Paypal
16256,Female,California,56,GGOEYDHJ056029,64 oz Water Bottle,"64 oz Water Bottle, 1/2 Gallon Water Bottle, Water Bottle Holder with Shoulder Strap, Time Motivational Water Bottle - Great for Camping, Gym and Outdoor Activities, Gift",Bottles,100000,24.69,1000167,29.12.21,17.283,1,ELEC30,Discount 30%,Used,30,PM04,Other
16257,Female,California,29,GGOEYDHJ056029,64 oz Water Bottle,"64 oz Water Bottle, 1/2 Gallon Water Bottle, Water Bottle Holder with Shoulder Strap, Time Motivational Water Bottle - Great for Camping, Gym and Outdoor Activities, Gift",Bottles,100000,24.69,1000168,26.07.21,103.698,6,ELEC30,Discount 30%,Used,30,PM03,Digital Wallets
16258,Female,California,49,GGOEYDHJ056029,64 oz Water Bottle,"64 oz Water Bottle, 1/2 Gallon Water Bottle, Water Bottle Holder with Shoulder Strap, Time Motivational Water Bottle - Great for Camping, Gym and Outdoor Activities, Gift",Bottles,100000,24.69,1000169,21.07.21,17.283,1,ELEC30,Discount 30%,Used,30,PM01,Card
16259,Female,California,42,GGOEYDHJ056029,64 oz Water Bottle,"64 oz Water Bottle, 1/2 Gallon Water Bottle, Water Bottle Holder with Shoulder Strap, Time Motivational Water Bottle - Great for Camping, Gym and Outdoor Activities, Gift",Bottles,100000,24.69,1000170,28.02.21,17.283,1,ELEC30,Discount 30%,Used,30,PM03,Digital Wallets
16260,Female,California,20,GGOEYDHJ056029,64 oz Water Bottle,"64 oz Water Bottle, 1/2 Gallon Water Bottle, Water Bottle Holder with Shoulder Strap, Time Motivational Water Bottle - Great for Camping, Gym and Outdoor Activities, Gift",Bottles,100000,24.69,1000171,11.11.21,34.566,2,ELEC30,Discount 30%,Used,30,PM02,Paypal
16261,Female,California,48,GGOEYDHJ056029,64 oz Water Bottle,"64 oz Water Bottle, 1/2 Gallon Water Bottle, Water Bottle Holder with Shoulder Strap, Time Motivational Water Bottle - Great for Camping, Gym and Outdoor Activities, Gift",Bottles,100000,24.69,1000172,20.05.21,17.283,1,ELEC30,Discount 30%,Used,30,PM01,Card
16262,Female,California,56,GGOEYDHJ056039,Kids Water Bottle with Straw Lid 14oz,"Kids Water Bottle with Straw Lid 14oz, Vacuum Insulated 316 Stainless Steel Water Bottles for Kids for School, Leakproof Toddler Water Bottle, BPA Free and Keep Cold for 24 Hours",Bottles,100000,9.99,1000173,26.11.21,19.98,2,ELEC10,Discount 10%,Not Used,10,PM02,Paypal
16263,Female,California,16,GGOEYDHJ056039,Kids Water Bottle with Straw Lid 14oz,"Kids Water Bottle with Straw Lid 14oz, Vacuum Insulated 316 Stainless Steel Water Bottles for Kids for School, Leakproof Toddler Water Bottle, BPA Free and Keep Cold for 24 Hours",Bottles,100000,9.99,1000174,08.03.21,19.98,2,ELEC10,Discount 10%,Not Used,10,PM02,Paypal
16264,Female,California,35,GGOEYDHJ056039,Kids Water Bottle with Straw Lid 14oz,"Kids Water Bottle with Straw Lid 14oz, Vacuum Insulated 316 Stainless Steel Water Bottles for Kids for School, Leakproof Toddler Water Bottle, BPA Free and Keep Cold for 24 Hours",Bottles,100000,9.99,1000175,29.11.21,49.95,5,ELEC10,Discount 10%,Not Used,10,PM04,Other
16265,Female,California,63,GGOEYDHJ056039,Kids Water Bottle with Straw Lid 14oz,"Kids Water Bottle with Straw Lid 14oz, Vacuum Insulated 316 Stainless Steel Water Bottles for Kids for School, Leakproof Toddler Water Bottle, BPA Free and Keep Cold for 24 Hours",Bottles,100000,9.99,1000176,14.01.21,9.99,1,ELEC10,Discount 10%,Not Used,10,PM04,Other
16266,Female,California,30,GGOEYDHJ056039,Kids Water Bottle with Straw Lid 14oz,"Kids Water Bottle with Straw Lid 14oz, Vacuum Insulated 316 Stainless Steel Water Bottles for Kids for School, Leakproof Toddler Water Bottle, BPA Free and Keep Cold for 24 Hours",Bottles,100000,9.99,1000177,08.11.21,9.99,1,ELEC10,Discount 10%,Not Used,10,PM02,Paypal
16267,Female,California,53,GGOEYDHJ056039,Kids Water Bottle with Straw Lid 14oz,"Kids Water Bottle with Straw Lid 14oz, Vacuum Insulated 316 Stainless Steel Water Bottles for Kids for School, Leakproof Toddler Water Bottle, BPA Free and Keep Cold for 24 Hours",Bottles,100000,9.99,1000178,12.06.21,39.96,4,ELEC10,Discount 10%,Clicked,10,PM03,Digital Wallets
16268,Female,California,21,GGOEYDHJ056039,Kids Water Bottle with Straw Lid 14oz,"Kids Water Bottle with Straw Lid 14oz, Vacuum Insulated 316 Stainless Steel Water Bottles for Kids for School, Leakproof Toddler Water Bottle, BPA Free and Keep Cold for 24 Hours",Bottles,100000,9.99,1000179,01.12.21,9.99,1,ELEC10,Discount 10%,Clicked,10,PM01,Card
16269,Female,California,21,GGOEYDHJ056039,Kids Water Bottle with Straw Lid 14oz,"Kids Water Bottle with Straw Lid 14oz, Vacuum Insulated 316 Stainless Steel Water Bottles for Kids for School, Leakproof Toddler Water Bottle, BPA Free and Keep Cold for 24 Hours",Bottles,100000,9.99,1000180,15.03.21,9.99,1,ELEC10,Discount 10%,Not Used,10,PM01,Card
16270,Female,California,55,GGOEYDHJ056039,Kids Water Bottle with Straw Lid 14oz,"Kids Water Bottle with Straw Lid 14oz, Vacuum Insulated 316 Stainless Steel Water Bottles for Kids for School, Leakproof Toddler Water Bottle, BPA Free and Keep Cold for 24 Hours",Bottles,100000,9.99,1000181,17.03.21,9.99,1,ELEC10,Discount 10%,Not Used,10,PM03,Digital Wallets
16271,Female,California,40,GGOEYDHJ056039,Kids Water Bottle with Straw Lid 14oz,"Kids Water Bottle with Straw Lid 14oz, Vacuum Insulated 316 Stainless Steel Water Bottles for Kids for School, Leakproof Toddler Water Bottle, BPA Free and Keep Cold for 24 Hours",Bottles,100000,9.99,1000182,27.02.21,19.98,2,ELEC10,Discount 10%,Clicked,10,PM04,Other
16272,Female,California,30,GGOEYDHJ056039,Kids Water Bottle with Straw Lid 14oz,"Kids Water Bottle with Straw Lid 14oz, Vacuum Insulated 316 Stainless Steel Water Bottles for Kids for School, Leakproof Toddler Water Bottle, BPA Free and Keep Cold for 24 Hours",Bottles,100000,9.99,1000183,11.06.21,9.99,1,ELEC10,Discount 10%,Not Used,10,PM02,Paypal
16273,Female,California,39,GGOEYDHJ056039,Kids Water Bottle with Straw Lid 14oz,"Kids Water Bottle with Straw Lid 14oz, Vacuum Insulated 316 Stainless Steel Water Bottles for Kids for School, Leakproof Toddler Water Bottle, BPA Free and Keep Cold for 24 Hours",Bottles,100000,9.99,1000184,24.06.21,9.99,1,ELEC10,Discount 10%,Not Used,10,PM03,Digital Wallets
16274,Female,California,28,GGOEYDHJ056039,Kids Water Bottle with Straw Lid 14oz,"Kids Water Bottle with Straw Lid 14oz, Vacuum Insulated 316 Stainless Steel Water Bottles for Kids for School, Leakproof Toddler Water Bottle, BPA Free and Keep Cold for 24 Hours",Bottles,100000,9.99,1000185,12.11.21,9.99,1,ELEC10,Discount 10%,Not Used,10,PM03,Digital Wallets
16275,Female,California,47,GGOEYDHJ056049,64HYDRO 32oz 1Liter Motivational Water Bottle with Time Marker,"64HYDRO 32oz 1Liter Motivational Water Bottle with Time Marker, Ocean Turtle Beach Summer Vibe Lose My Mind Find My Soul - TTZ2001009Z",Bottles,100000,19.95,1000186,01.12.21,59.85,3,ELEC10,Discount 10%,Not Used,10,PM01,Card
16276,Female,California,57,GGOEYDHJ056049,64HYDRO 32oz 1Liter Motivational Water Bottle with Time Marker,"64HYDRO 32oz 1Liter Motivational Water Bottle with Time Marker, Ocean Turtle Beach Summer Vibe Lose My Mind Find My Soul - TTZ2001009Z",Bottles,100000,19.95,1000187,11.12.21,19.95,1,ELEC10,Discount 10%,Not Used,10,PM01,Card
16277,Female,California,54,GGOEYDHJ056049,64HYDRO 32oz 1Liter Motivational Water Bottle with Time Marker,"64HYDRO 32oz 1Liter Motivational Water Bottle with Time Marker, Ocean Turtle Beach Summer Vibe Lose My Mind Find My Soul - TTZ2001009Z",Bottles,100000,19.95,1000188,05.02.21,19.95,1,ELEC10,Discount 10%,Clicked,10,PM01,Card
16278,Female,California,45,GGOEYDHJ056049,64HYDRO 32oz 1Liter Motivational Water Bottle with Time Marker,"64HYDRO 32oz 1Liter Motivational Water Bottle with Time Marker, Ocean Turtle Beach Summer Vibe Lose My Mind Find My Soul - TTZ2001009Z",Bottles,100000,19.95,1000189,26.03.21,19.95,1,ELEC10,Discount 10%,Clicked,10,PM01,Card
16279,Female,California,46,GGOEYDHJ056049,64HYDRO 32oz 1Liter Motivational Water Bottle with Time Marker,"64HYDRO 32oz 1Liter Motivational Water Bottle with Time Marker, Ocean Turtle Beach Summer Vibe Lose My Mind Find My Soul - TTZ2001009Z",Bottles,100000,19.95,1000190,12.12.21,159.6,8,ELEC10,Discount 10%,Clicked,10,PM04,Other
16280,Female,California,33,GGOEYDHJ056049,64HYDRO 32oz 1Liter Motivational Water Bottle with Time Marker,"64HYDRO 32oz 1Liter Motivational Water Bottle with Time Marker, Ocean Turtle Beach Summer Vibe Lose My Mind Find My Soul - TTZ2001009Z",Bottles,100000,19.95,1000191,03.05.21,19.95,1,ELEC10,Discount 10%,Not Used,10,PM04,Other
17850,Male,Chicago,52,GGOEYDHJ056049,64HYDRO 32oz 1Liter Motivational Water Bottle with Time Marker,"64HYDRO 32oz 1Liter Motivational Water Bottle with Time Marker, Ocean Turtle Beach Summer Vibe Lose My Mind Find My Soul - TTZ2001009Z",Bottles,100000,19.95,1000483,10.05.21,59.85,3,ELEC10,Discount 10%,Not Used,10,PM01,Card
17851,Male,Chicago,49,GGOEYDHJ056059,Ocean Bottle 17 oz,Ocean Bottle - Recycled Stainless Steel Drinks Reusable Water Bottle - Eco-Friendly & Reusable - Sky Blue - 17 oz,Bottles,100000,55,1000484,20.02.21,55,1,ELEC10,Discount 10%,Not Used,10,PM01,Card
17852,Male,Chicago,23,GGOEWEBB082199,OLANLY Luxury Bathroom Rug Mat 24x16,"OLANLY Luxury Bathroom Rug Mat 24x16, Extra Soft and Absorbent Microfiber Bath Rugs, Non-Slip Plush Shaggy Bath Carpet, Machine Wash Dry, Bath Mats for Bathroom Floor, Tub and Shower, Grey",Home Furniture,100000,9.89,1000485,23.05.21,5.934,1,ELEC40,Discount 40%,Used,40,PM04,Other
17853,Male,Chicago,26,GGOEWEBB082299,Clorox Toilet Plunger with Hideaway Storage Caddy,"Clorox Toilet Plunger with Hideaway Storage Caddy, 6.5 x 6.5 x 19.5, White/Gray",Home Furniture,100000,15.99,1000486,03.10.21,15.99,1,ELEC10,Discount 10%,Not Used,10,PM03,Digital Wallets
17854,Male,Chicago,46,GGOEAAAJ032455,yageyan Men Canvas Low top Shoes,yageyan Men Canvas Low top Shoes Classic Casual Sneakers Black and White Fashion Shoes,Apparel,100000,24.99,1000487,15.05.21,749.7,30,OFF20,Discount 20%,Clicked,20,PM03,Digital Wallets
17855,Male,Chicago,21,GGOEAAAJ032455,yageyan Men Canvas Low top Shoes,yageyan Men Canvas Low top Shoes Classic Casual Sneakers Black and White Fashion Shoes,Apparel,100000,24.99,1000488,01.02.21,49.98,2,OFF20,Discount 20%,Not Used,20,PM03,Digital Wallets
17856,Male,Chicago,46,GGOEAAAJ032455,yageyan Men Canvas Low top Shoes,yageyan Men Canvas Low top Shoes Classic Casual Sneakers Black and White Fashion Shoes,Apparel,100000,24.99,1000489,22.07.21,24.99,1,OFF20,Discount 20%,Not Used,20,PM01,Card
17857,Male,Chicago,30,GGOEAAAJ032455,yageyan Men Canvas Low top Shoes,yageyan Men Canvas Low top Shoes Classic Casual Sneakers Black and White Fashion Shoes,Apparel,100000,24.99,1000490,19.06.21,24.99,1,OFF20,Discount 20%,Clicked,20,PM03,Digital Wallets
17858,Male,Chicago,25,GGOEAAAJ032455,yageyan Men Canvas Low top Shoes,yageyan Men Canvas Low top Shoes Classic Casual Sneakers Black and White Fashion Shoes,Apparel,100000,24.99,1000491,30.03.21,24.99,1,OFF20,Discount 20%,Clicked,20,PM03,Digital Wallets
17859,Male,Chicago,48,GGOEAAAJ032455,yageyan Men Canvas Low top Shoes,yageyan Men Canvas Low top Shoes Classic Casual Sneakers Black and White Fashion Shoes,Apparel,100000,24.99,1000474,01.08.21,74.97,3,OFF20,Discount 20%,Not Used,20,PM02,Paypal
17860,Male,Chicago,27,GGOEYDHJ056019,bubba Flo Duo Refresh Insulated Water Bottle 24 oz (TEAL),"bubba Flo Duo Refresh Insulated Water Bottle, 24 oz, TEAL (TEAL)",Bottles,100000,19.99,1000475,13.08.21,19.99,1,ELEC10,Discount 10%,Not Used,10,PM01,Card
17861,Male,Chicago,46,GGOEWEBB082399,KOHLER 4636-RL-0 Cachet ReadyLatch Elongated Toilet Seat,"KOHLER 4636-RL-0 Cachet ReadyLatch Elongated Toilet Seat, Quiet-Close Lid and Seat, Countoured Seat, Grip-Tight Bumpers and Installation Hardware, White",Home Furniture,100000,39.6,1000476,23.10.21,39.6,1,ELEC10,Discount 10%,Not Used,10,PM03,Digital Wallets
17862,Male,Chicago,46,GGOEWEBB082499,Rubbermaid Commercial 15 Inch Toilet Brush,"Rubbermaid Commercial 15 Inch Toilet Brush, Toilet Bowl-Cleaner for Bathroom, Scrub Brush for Toilet",Home Furniture,100000,3.69,1000477,30.11.21,3.69,1,ELEC10,Discount 10%,Not Used,10,PM03,Digital Wallets
17863,Male,Chicago,62,GGOEWEBB082599,Moen YB8099CH Mason Toilet Paper Roller,"Moen YB8099CH Mason Toilet Paper Roller, Chrome",Home Furniture,100000,1.59,1000478,25.02.21,1.59,1,ELEC10,Discount 10%,Not Used,10,PM03,Digital Wallets
17864,Male,Chicago,41,GGOEAAAJ032455,yageyan Men Canvas Low top Shoes,yageyan Men Canvas Low top Shoes Classic Casual Sneakers Black and White Fashion Shoes,Apparel,100000,24.99,1000479,08.01.21,49.98,2,OFF20,Discount 20%,Clicked,20,PM01,Card
17865,Male,Chicago,62,GGOEAAAJ032455,yageyan Men Canvas Low top Shoes,yageyan Men Canvas Low top Shoes Classic Casual Sneakers Black and White Fashion Shoes,Apparel,100000,24.99,1000480,03.10.21,24.99,1,OFF20,Discount 20%,Clicked,20,PM03,Digital Wallets
